section,path,status,lastmod,title,title_len,h1,meta_description,words_approx,product_type,variants,price_mxn,images,proposed_action,notes,url
agentic,/agents.md,200,,agents.md,9,,# Agent Instructions — Culto Perro Café  This document describes how AI agents can interact with Culto Perro Café's online store at https://www.perro.cafe.  ## For Personal Shopping Assistants and Age,565,,,,,Review,Shopify-generated instructions for AI shopping agents; only relevant if the new site keeps online checkout.,https://www.perro.cafe/agents.md
products,/,200,,Proveedor de café para restaurantes en México | Culto al Perro Café,67,,"Café tostado por kilo para restaurantes y negocios en México. Molido o en grano, perfiles consistentes, entregas locales en Hermosillo y envíos a México.",385,,,,,Migrate,"Home. Title targets ""proveedor de café para restaurantes"" but has no <h1>.",https://www.perro.cafe/
products,/products/cafe-tostado-veracruz-honey-natural,200,2026-09-26,Café Tostado: Especialidad Veracruz (Natural Honey) – Culto Perro Café,70,Café Tostado: Especialidad Veracruz (Natural Honey),"Café tostado, disponible entero o molido. Se empaca en bolsas laminadas, con válvula dosificadora, zipper resellable, etiqueta y recomendaciones de uso. Recomendamos utilizarlo dentro de los siguientes 21 días de tostado para disfrutar al máximo el sabor. Consulta la ficha técnica en nuestra página.",337,Café,4,350–485,4,Migrate,Retail product (4 variants). Needs a decision on where retail checkout lives.,https://www.perro.cafe/products/cafe-tostado-veracruz-honey-natural
products,/products/cafe-tostado-veracruz,200,2026-09-26,Café Tostado: Especialidad Veracruz (Lavado) – Culto Perro Café,63,Café Tostado: Especialidad Veracruz (Lavado),"Café tostado, disponible entero o molido. Se empaca en bolsas laminadas, con válvula dosificadora, zipper resellable, etiqueta y recomendaciones de uso. Recomendamos utilizarlo dentro de los siguientes 21 días de tostado para disfrutar al máximo el sabor. Consulta la ficha técnica en nuestra página.",317,Café,6,220–440,4,Migrate,Retail product (6 variants). Overlaps /pages/cafe-tostado-veracruz.,https://www.perro.cafe/products/cafe-tostado-veracruz
products,/products/cafe-tostado-chiapas-americana,200,2026-09-26,Café Tostado: Especialidad Chiapas (Lavado) – Culto Perro Café,62,Café Tostado: Especialidad Chiapas (Lavado),"Café tostado de especialidad. Origen Chiapas. Proceso Lavado. Se empaca en bolsas laminadas, con válvula dosificadora, zipper resellable, etiqueta y recomendaciones de uso. Ficha técnica: Tipo de grano: Typica, Bourbon y caturra Notas: Avellana, Chocolate Amargo, Acidez tipo estilo Cereza Origen: Mapastepec, Chiapas Al",335,Café,6,220–440,4,Migrate,Retail product (6 variants).,https://www.perro.cafe/products/cafe-tostado-chiapas-americana
products,/products/cafe-tostado-veracruz-san-felipe-tradicional,200,2026-09-26,Café Tostado: Tostado Intenso Veracruz (Lavado) – Culto Perro Café,66,Café Tostado: Tostado Intenso Veracruz (Lavado),"Café tostado, disponible entero o molido. Se empaca en bolsas laminadas, con válvula dosificadora, zipper resellable, etiqueta y recomendaciones de uso. Recomendamos utilizarlo dentro de los siguientes 21 días de tostado para disfrutar al máximo el sabor. Consulta la ficha técnica en nuestra página.",305,Café,6,220–440,4,Migrate,Retail product (6 variants).,https://www.perro.cafe/products/cafe-tostado-veracruz-san-felipe-tradicional
products,/products/cafe-en-grano-tostado-fresco-en-hermosillo,200,2026-09-26,Café de Especialidad en Hermosillo | Culto al Perro Café – Culto Perro Café,75,Café en grano – Tostado en Hermosillo,"Compra café tostado en Hermosillo, Sonora. Café mexicano de especialidad para espresso, V60, prensa francesa y cafetería. Disponible en grano o molido con envío a todo México.",348,Café,1,400,1,Review,SEO landing built as a product (single $400 variant). Same topic as /pages/cafe-tostado-hermosillo.,https://www.perro.cafe/products/cafe-en-grano-tostado-fresco-en-hermosillo
products,/products/proveedor-de-cafe-para-restaurantes,200,2026-09-26,Proveedor de Café para Restaurantes en México | Culto al Perro Café – Culto Perro Café,86,Proveedor de Café para Restaurantes en México,"Proveedor de café para restaurantes en México. Café mexicano tostado en Hermosillo para espresso, americanos y cafeterías. Venta de café por kilo y mayoreo con envíos nacionales.",545,Café,1,400,1,Redirect,B2B landing built as a product; maps to catalog line /lineas/restaurante.,https://www.perro.cafe/products/proveedor-de-cafe-para-restaurantes
products,/products/cafe-para-oficinas,200,2026-09-26,Proveedor de Café para Oficinas en México | Culto al Perro Café – Culto Perro Café,82,Proveedor de Café para Oficinas en México,"Proveedor de café para oficinas en México. Café mexicano tostado en Hermosillo para consumo diario, cafeteras, espresso y oficinas con entregas programadas.",524,Café,1,400,1,Redirect,B2B landing built as a product; maps to catalog line /lineas/oficina.,https://www.perro.cafe/products/cafe-para-oficinas
products,/products/caja-catadora-del-perro,200,2026-09-26,La Caja Catadora del Perro – Culto Perro Café,45,La Caja Catadora del Perro,¿No te decides? ¿quieres calarlos todos? La Caja Catadora del Perro es todo lo que nuestro chef trae.,179,,1,600,5,Merge,"Duplicate of caja-de-muestras (same description, price $600 and 5 images). Keep one.",https://www.perro.cafe/products/caja-catadora-del-perro
products,/products/caja-de-muestras-de-cafe-empieza-aqui,200,2026-09-26,Caja de Muestras de Café – Empieza Aquí – Culto Perro Café,58,Caja de Muestras de Café – Empieza Aquí,¿No te decides? ¿quieres calarlos todos? La Caja Catadora del Perro es todo lo que nuestro chef trae.,217,,1,600,5,Merge,"Duplicate of caja-catadora-del-perro. Keep one, 301 the other.",https://www.perro.cafe/products/caja-de-muestras-de-cafe-empieza-aqui
pages,/pages/contact,200,2025-09-09,Contáctanos – Culto Perro Café,30,Contáctanos,"Ya sea que tengas dudas sobre nuestros productos, envíos, o cualquier otro tema, estamos aquí para ayudarte. Contáctanos vía directa por Whatsapp; O envíanos un correo electrónico usando el formulario de abajo. Nuestro horario de atención es de Lunes a Sábado de 8AM a 8PM (hora del pacífico). Hacemos lo posible por res",95,,,,,Migrate,WhatsApp/email contact. Could point to /ventas for B2B.,https://www.perro.cafe/pages/contact
pages,/pages/frecuentes,200,2025-09-09,Programa de Clientes Frecuentes - Culto al Perro Café – Culto Perro Café,72,Programa de Clientes Frecuentes,"Programa de recompensas para clientes frecuentes, solo para clientes perrones. Creado para premiarte por tu consumo.",150,,,,,Review,Loyalty program page. Confirm the program is still active.,https://www.perro.cafe/pages/frecuentes
pages,/pages/elements-test,200,2024-03-01,Elements Test – Culto Perro Café,32,Elements Test | Heading One,"This page is a technical test of our editor. Heading One Lorem ipsum dolor sit amet, consectetur adipiscing elit, sed do eiusmod tempor incididunt ut labore et dolore magna aliqua. Ut enim ad minim veniam, quis nostrud exercitation ullamco laboris nisi ut aliquip ex ea commodo consequat. Heading Two Sed ut perspiciatis",193,,,,,Drop,"Theme test page with lorem ipsum, publicly indexed.",https://www.perro.cafe/pages/elements-test
pages,/pages/metodos-de-pago,200,2026-02-09,Métodos de Pago – Culto Perro Café,34,Métodos de Pago,[redacted: contains bank-transfer details],28,,,,,Review,Publishes bank-transfer details. Decide whether they should stay public.,https://www.perro.cafe/pages/metodos-de-pago
pages,/pages/cafe-tostado-veracruz,200,2025-09-09,Café Tostado Origen Veracruz – Culto Perro Café,47,Café Tostado Origen Veracruz,"Descubre nuestro café de Huatusco, Veracruz: granos tostados término ligero-medio con notas de limón, citronela y un toque de cilantro/caramelo. Perfecto para cualquier método de preparación, disponible entero o molido a tu gusto. Disfruta de un café de calidad, sin complicaciones, ideal para tu día a día.",327,,,,,Merge,Origin page overlapping the Veracruz products.,https://www.perro.cafe/pages/cafe-tostado-veracruz
pages,/pages/feedback-degustacion,200,2025-09-09,Gracias por tu participación – Culto Perro Café,47,Gracias por tu participación,"De verdad muchas gracias... Con tú respuesta mejoraremos nuestro proceso y llegaremos a hacer mas cosas, si quieres participar en otra degustación, estaremos enviando por correo electronico las invitaciones totalmente abiertas. Tambien te haremos saber si tenemos un café tostado nuevo para probar ó metodo. Deseamos que",87,,,,,Drop,Post-survey thank-you page; should not be indexed.,https://www.perro.cafe/pages/feedback-degustacion
pages,/pages/mayoreo,200,2025-12-21,Café Tostado al Mayoreo – Culto Perro Café,42,Cotiza café al mayoreo,"Hacemos tueste diario, entregamos solo café fresco. Entregas a domicilio en todo México. Origen 100% mexicano, trabajamos con fincas nacionales y tostamos en Hermosillo MX. Precio según volumen, desde 5Kg semanales sin plazos forzosos.",107,,,,,Redirect,Wholesale quote page; superseded by the B2B catalog (catalogo.perro.cafe / /ventas).,https://www.perro.cafe/pages/mayoreo
pages,/pages/nuestros-clientes,200,2025-09-09,Nuestros clientes – Culto Perro Café,36,Nuestros clientes,"Trabajamos con cafeterías y restaurantes que buscan café tostado de calidad, sin vueltas raras y siempre a tiempo. No se trata de vender por vender. Primero tenemos que entender tu negocio. Échanos un mensaje, armemos algo bien 🤙",151,,,,,Migrate,Social proof for B2B.,https://www.perro.cafe/pages/nuestros-clientes
pages,/pages/cafe-tostado-hermosillo,200,2026-02-25,Cafe Tostado en Hermosillo – Culto Perro Café,45,Cafe Tostado en Hermosillo | Haz tu pedido hoy,"En Culto al Perro Café tostamos café de especialidad en Hermosillo en lotes pequeños para garantizar frescura y sabor real. Si buscas comprar café en grano en Hermosillo, estás en el lugar correcto. Somos tostadores de café y trabajamos con fincas mexicanas. Ofrecemos café para hogar, restaurantes y oficinas.",293,,,,,Merge,Local SEO page; same intent as /products/cafe-en-grano-tostado-fresco-en-hermosillo.,https://www.perro.cafe/pages/cafe-tostado-hermosillo
pages,/pages/sobre-nosotros,200,2026-05-14,Sobre Culto al Perro Café | Café mexicano tostado sin pretensión – Culto Perro Café,83,El café bueno debería ser normal.,"Culto al Perro Café tuesta café mexicano consistente para personas, restaurantes, cafeterías y oficinas. Café bueno, sin pretensión y listo para tomarse todos los días.",477,,,,,Migrate,About page; already linked from the catalog footer.,https://www.perro.cafe/pages/sobre-nosotros
collections,/collections/nuestro-cafe,200,2026-09-05,Nuestro Café – Culto Perro Café,31,Colección: Nuestro Café,Aquí no tostamos por tostar. Le damos al punto exacto pa’ que el grano cante sus sabores naturales. 🤘,141,,,,,Migrate,Retail listing of the 4 specialty coffees.,https://www.perro.cafe/collections/nuestro-cafe
blogs,/blogs/noticias,200,2026-05-29,Noticias – Culto Perro Café,27,Noticias,,89,,,,,Migrate,Blog index; has no meta description.,https://www.perro.cafe/blogs/noticias
blogs,/blogs/tostadores,200,2025-07-23,Tostadores – Culto Perro Café,29,Tostadores,,335,,,,,Migrate,Blog index; has no meta description.,https://www.perro.cafe/blogs/tostadores
blogs,/blogs/ayuda,200,2026-05-29,Ayuda – Culto Perro Café,24,Ayuda,,429,,,,,Migrate,Blog index; has no meta description.,https://www.perro.cafe/blogs/ayuda
blogs,/blogs/recetas,200,2026-05-10,Recetas – Culto Perro Café,26,Recetas,,75,,,,,Migrate,Blog index; has no meta description.,https://www.perro.cafe/blogs/recetas
blogs,/blogs/negocio,200,2026-05-29,Negocio – Culto Perro Café,26,Negocio,,175,,,,,Migrate,Blog index; has no meta description.,https://www.perro.cafe/blogs/negocio
blogs,/blogs/tostadores/el-viaje-de-tostar-cafe,200,2024-10-28,El viaje de tostar café – Culto Perro Café,42,El viaje de tostar café,"El fascinante mundo del café va mucho más allá de una simple taza por la mañana. Como tostador profesional en Culto al Perro Café, he descubierto un universo de aromas, sabores y técnicas que han transformado mi perspectiva sobre esta bebida legendaria.",677,,,,,Migrate,Article; keep the URL to preserve search traffic.,https://www.perro.cafe/blogs/tostadores/el-viaje-de-tostar-cafe
blogs,/blogs/tostadores/chiapas-bayunka-2024,200,2024-11-10,Chiapas Bayunka - Finca Nuevo México 2024 – Culto Perro Café,60,Chiapas Bayunka - Finca Nuevo México 2024,"En Culto al Perro Café, cada café tostado y cada taza trata de tener una historia, y Bayunka es una de las más especiales que tenemos en nuestras manos. Este blend combina tradición y dedicación en cada grano, este café es cosechado por Finca Nuevo México en Chiapas.",469,,,,,Migrate,Article; keep the URL to preserve search traffic.,https://www.perro.cafe/blogs/tostadores/chiapas-bayunka-2024
blogs,/blogs/noticias/por-que-fluctua-tanto-el-precio-del-cafe-verde,200,2024-12-03,¿Por qué fluctúa tanto el precio del café verde? – Culto Perro Café,67,¿Por qué fluctúa tanto el precio del café verde?,"El precio del café verde en grano es uno de los temas más importantes para quienes trabajamos en la industria del café. Ya sea que tengas una cafetería, un negocio de tostado, o simplemente seas un apasionado del café, habrás notado cómo el costo por tú café puede variar de manera considerable desde 2023. En este post, exploraremos las principales razones detrás de estas fluctuaciones.",449,,,,,Migrate,Article; keep the URL to preserve search traffic.,https://www.perro.cafe/blogs/noticias/por-que-fluctua-tanto-el-precio-del-cafe-verde
blogs,/blogs/tostadores/la-guia-de-cafe-de-especialidad-en-hermosillo-sonora,200,2025-05-16,"La Guia de Café de Especialidad en Hermosillo, Sonora – Culto Perro Café",72,"La Guia de Café de Especialidad en Hermosillo, Sonora","Descubre el verdadero sabor del café de especialidad en Hermosillo. Aprende sobre tuestes, métodos y por qué el café local está conquistando paladares exigentes",1409,,,,,Migrate,Article; keep the URL to preserve search traffic.,https://www.perro.cafe/blogs/tostadores/la-guia-de-cafe-de-especialidad-en-hermosillo-sonora
blogs,/blogs/tostadores/cafe-extranjero-en-una-barra-mexicana-pues-depende,200,2025-07-23,¿Café extranjero en una barra mexicana? Pues… depende. – Culto Perro Café,73,¿Café extranjero en una barra mexicana? Pues… depende.,"Hace poco vi una publicación de cierta tienda de café mexicano que lanzaba una serie de argumentos en contra de promover granos extranjeros en una barra nacional. Y aunque me parecieron interesantes, no estoy 100 % a favor ni en contra. Más bien, creo que hay matices que vale la pena discutir sin tanto dramatismo ni co",496,,,,,Migrate,Article; keep the URL to preserve search traffic.,https://www.perro.cafe/blogs/tostadores/cafe-extranjero-en-una-barra-mexicana-pues-depende
blogs,/blogs/ayuda/por-que-el-cafe-no-paga-iva,200,2026-05-10,Por qué el café no paga IVA en México | Culto al Perro Café – Culto Perro Café,78,¿Por qué el café no paga IVA en México?,"El café tostado en bolsa no causa IVA (Art. 2-A LIVA). Descubre por qué, cómo facturarlo correctamente y qué impuestos sí pagamos los tostadores en México.",301,,,,,Migrate,Article; keep the URL to preserve search traffic.,https://www.perro.cafe/blogs/ayuda/por-que-el-cafe-no-paga-iva
blogs,/blogs/recetas/como-hacer-cold-brew-cafe-mexicano,200,2026-05-10,Cómo hacer Cold Brew con café mexicano | Culto al Perro Café – Culto Perro Café,79,Cómo hacer Cold Brew con café de especialidad mexicano,"Aprende a preparar un cold brew delicioso con café mexicano tostado por Culto al Perro Café. Receta fácil, tips, aromas y sabores chingones.",523,,,,,Migrate,Article; keep the URL to preserve search traffic.,https://www.perro.cafe/blogs/recetas/como-hacer-cold-brew-cafe-mexicano
blogs,/blogs/ayuda/donde-comprar-cafe-tostado-al-mayoreo-en-mexico,200,2026-05-14,¿Dónde comprar café tostado al mayoreo en México? – Culto Perro Café,68,¿Dónde comprar café tostado al mayoreo en México?,"En breve, te explicamos lo que debes procurar al comprar café tostado y asegurarte que sea de buena calidad. Ésta guía es en base a nuestra experiencia, la iremos actualizando. La diferencia entre un café promedio y uno que hace que el cliente regrese casi siempre empieza en el proveedor. Si estás abriendo una cafeterí",517,,,,,Migrate,Article; keep the URL to preserve search traffic.,https://www.perro.cafe/blogs/ayuda/donde-comprar-cafe-tostado-al-mayoreo-en-mexico
blogs,/blogs/ayuda/como-elegir-un-proveedor-de-cafe-para-tu-negocio,200,2026-05-25,Cómo elegir un proveedor de café para tu negocio – Culto Perro Café,67,Cómo elegir un proveedor de café para tu negocio,"Hay algo curioso en muchos restaurantes y cafeterías: pasan semanas pensando en el menú, en la cocina, en el diseño del lugar o incluso en las sillas… pero el café termina siendo una decisión improvisada. Y normalmente eso se nota. No porque el cliente llegue pensando en “notas sensoriales” o en el origen exacto del gr",634,,,,,Migrate,Article; keep the URL to preserve search traffic.,https://www.perro.cafe/blogs/ayuda/como-elegir-un-proveedor-de-cafe-para-tu-negocio
blogs,/blogs/ayuda/cuanto-cafe-consume-un-restaurante-al-mes-guia-2026,200,2026-05-29,¿Cuánto café consume un restaurante al mes? Guía 2026 – Culto Perro Café,72,¿Cuánto café consume un restaurante al mes? Guía 2026,"Descubre cuánto café consume un restaurante al mes, cómo calcular tu consumo real y cuánto café deberías comprar para evitar faltantes y desperdicio.",654,,,,,Migrate,Article; keep the URL to preserve search traffic.,https://www.perro.cafe/blogs/ayuda/cuanto-cafe-consume-un-restaurante-al-mes-guia-2026
blogs,/blogs/ayuda/que-cafe-comprar-para-una-cafeteria-nueva-guia-2026,200,2026-05-29,Qué café comprar para una cafetería nueva: guía 2026 – Culto Perro Café,71,Qué café comprar para una cafetería nueva: guía 2026,"Descubre qué café comprar para una cafetería nueva, cuánto café necesitas al mes y cómo elegir un proveedor confiable para tu negocio.",816,,,,,Migrate,Article; keep the URL to preserve search traffic.,https://www.perro.cafe/blogs/ayuda/que-cafe-comprar-para-una-cafeteria-nueva-guia-2026
blogs,/blogs/negocio/como-abrir-una-cafeteria-en-mexico-en-2026-guia-completa-para-emprendedores,200,2026-05-29,Cómo abrir una cafetería en México en 2026: guía completa para emprend – Culto Perro Café,89,Cómo abrir una cafetería en México en 2026: guía completa para emprendedores,"Aprende paso a paso cómo abrir una cafetería en México en 2026. Requisitos legales, costos iniciales, equipo necesario y estrategias para lograr rentabilidad. Guía enfocada en dueños de negocios.",1514,,,,,Migrate,Article; keep the URL to preserve search traffic.,https://www.perro.cafe/blogs/negocio/como-abrir-una-cafeteria-en-mexico-en-2026-guia-completa-para-emprendedores
blogs,/blogs/negocio/cuanto-cuesta-abrir-una-cafeteria-en-mexico-en-2026,200,2026-05-29,¿Cuánto cuesta abrir una cafetería en México en 2026? – Culto Perro Café,72,¿Cuánto cuesta abrir una cafetería en México en 2026?,"Descubre el costo real de abrir una cafetería en México en 2026: desglose de inversión, trámites, permisos, consejos y referencias.",694,,,,,Migrate,Article; keep the URL to preserve search traffic.,https://www.perro.cafe/blogs/negocio/cuanto-cuesta-abrir-una-cafeteria-en-mexico-en-2026
